rank;name;country;category;sales;profits;assets;marketvalue
1;Citigroup;United States;Banking;94.71;17.85;1264.03;255.3
4;ExxonMobil;United States;Oil & gas operations;222.88;20.96;166.99;277.02
5;BP;United Kingdom;Oil & gas operations;232.57;10.27;177.57;173.54
6;Bank of America;United States;Banking;49.01;10.81;736.45;117.55
7;HSBC Group;United Kingdom;Banking;44.33;6.66;757.6;177.96
15;JP Morgan Chase;United States;Banking;44.39;4.47;792.7;81.94
17;Total;France;Oil & gas operations;131.64;8.84;87.84;116.64
18;BNP Paribas;France;Banking;47.74;4.73;745.09;59.29
19;Royal Bank of Scotland;United Kingdom;Banking;35.65;4.95;663.45;90.21
23;ChevronTexaco;United States;Oil & gas operations;112.94;7.43;82.36;92.49
25;Wells Fargo;United States;Banking;31.8;6.2;387.8;97.53
27;Barclays;United Kingdom;Banking;33.69;4.9;791.54;61.33
36;HBOS;United Kingdom;Banking;32.68;3.09;571.76;52.87
38;ConocoPhillips;United States;Oil & gas operations;90.49;4.83;81.95;46.72
41;Wachovia;United States;Banking;24.47;4.25;400.87;62.35
47;Lloyds TSB Group;United Kingdom;Banking;24.48;2.87;406.99;48.11
48;ABN-Amro Holding;Netherlands;Banking;23.64;3.98;704.95;39.29
52;Bank One;United States;Banking;21.04;3.4;290.01;58.38
54;Societe Generale Group;France;Banking;35.52;1.61;526.54;40.61
55;PetroChina;China;Oil & gas operations;29.53;5.67;58.36;90.49
67;Washington Mutual;United States;Banking;18.01;3.88;275.18;39.69
68;Credit Agricole;France;Banking;31.77;1.12;531.01;38.8
77;US Bancorp;United States;Banking;14.57;3.73;189.29;52.88
81;China Petroleum & Chemical;China;Oil & gas operations;39.16;1.94;45.32;50.09
90;FleetBoston Finl;United States;Banking;14.22;2.13;196.4;47.19
145;Cardinal Health;United States;Health care equipment & services;61.3;1.45;19.52;28.31
148;National City;United States;Banking;9.59;2.12;113.93;21.51
166;UnitedHealth Group;United States;Health care equipment & services;28.57;1.83;17.63;35.01
176;HCA;United States;Health care equipment & services;21.81;1.33;21.06;21.65
179;Fifth Third Bancorp;United States;Banking;6.47;1.77;91.14;32.74
185;SunTrust Banks;United States;Banking;7.07;1.33;125.39;20.8
195;Bank of New York;United States;Banking;6.34;1.16;92.3;25.27
198;Aetna;United States;Health care equipment & services;18.12;0.78;41.06;11.82
200;Standard Chartered Group;United Kingdom;Banking;7.4;0.9;112.77;20.15
212;BB&T;United States;Banking;6.24;1.06;90.47;20.43
214;Marathon Oil;United States;Oil & gas operations;36.68;1.32;19.06;10.39
239;PNC Financial Services;United States;Banking;6.09;0.99;72.28;15.82
240;WellPoint Health;United States;Health care equipment & services;20.36;0.94;14.79;16.18
248;Medtronic;United States;Health care equipment & services;8.57;1.88;13.44;57.38
253;State Street;United States;Banking;5.46;0.72;87.53;18.17
262;KeyCorp;United States;Banking;5.73;0.9;84.49;13.18
264;Schlumberger;Netherlands;Oil & gas operations;13.89;0.38;19.94;37.49
265;Occidental Petroleum;United States;Oil & gas operations;8.94;1.54;17.71;17.22
267;Cigna;United States;Health care equipment & services;18.69;0.43;90.17;7.45
279;McKesson;United States;Health care equipment & services;66.45;0.61;15.95;8.33
289;Devon Energy;United States;Oil & gas operations;5.89;1.73;27.16;12.51
299;Anthem;United States;Health care equipment & services;16.77;0.77;13.44;11.64
300;CIC Group;France;Banking;12.76;0.4;170.76;6.64
302;Golden West Finl;United States;Banking;3.84;1.11;82.55;16.28
307;Baxter International;United States;Health care equipment & services;8.92;0.9;13.78;18.73
333;Valero Energy;United States;Oil & gas operations;34.51;0.58;15.25;6.7
335;Mellon Finl;United States;Banking;4.55;0.71;33.98;14.25
339;Anadarko Petroleum;United States;Oil & gas operations;5.12;1.25;20.55;12.92
345;Nippon Oil;Japan;Oil & gas operations;26.44;0.27;28.03;7.5
355;Medco Health Solutions;United States;Health care equipment & services;34.26;0.43;10.26;9.45
371;AmerisourceBergen;United States;Health care equipment & services;50.58;0.46;11.81;6.35
396;Sumitomo Mitsui Financial;Japan;Banking;29.17;-3.94;868.42;31.87
398;Mitsubishi Tokyo Finl;Japan;Banking;20.65;-1.37;827.48;49.92
401;Alliance & Leicester;United Kingdom;Banking;4.08;0.55;66.42;8.01
403;Mizuho Financial;Japan;Banking;24.4;-20.11;1115.9;30.87
408;SouthTrust;United States;Banking;3.11;0.71;51.92;11.38
416;Comerica;United States;Banking;3.3;0.66;52.59;10.08
419;Amerada Hess;United States;Oil & gas operations;14.31;0.64;13.98;5.42
420;Regions Financial;United States;Banking;3.73;0.64;48.79;8.23
430;Unocal;United States;Oil & gas operations;6.4;0.73;11.8;9.58
441;Apache;United States;Oil & gas operations;4.2;1.1;12.42;12.82
444;UFJ Holdings;Japan;Banking;17.16;-5.15;665.67;23.71
445;M&T Bank;United States;Banking;2.96;0.57;49.83;11.35
446;Northern Rock;United Kingdom;Banking;4.3;0.49;66.36;6.12
455;BG Group;United Kingdom;Oil & gas operations;4.2;0.66;10.88;18.39
465;Burlington Resources;United States;Oil & gas operations;4.07;1.03;12.58;11.12
476;AmSouth Bancorp;United States;Banking;2.94;0.62;44.34;8.83
494;Abbey National;United Kingdom;Banking;15.28;-1.93;331.21;15.47
503;Charter One Finl;United States;Banking;2.81;0.63;42.63;8.25
520;Marshall & Ilsley;United States;Banking;2.75;0.53;33.75;8.78
541;Northern Trust;United States;Banking;2.62;0.37;40.74;10.78
559;Natexis Banques Populaire;France;Banking;10.08;0.11;140.13;5.78
563;Resona Holdings;Japan;Banking;8.97;-7.09;358.44;13.41
610;Becton Dickinson;United States;Health care equipment & services;4.53;0.55;5.57;12.35
611;Popular;United States;Banking;2.66;0.45;35.78;5.99
614;Sovereign Bancorp;United States;Banking;2.45;0.4;43.51;6.69
617;Boston Scientific;United States;Health care equipment & services;3.48;0.47;5.7;34.9
637;Sunoco;United States;Oil & gas operations;15.87;0.31;6.93;4.51
650;Halliburton;United States;Oil & gas operations;16.27;-0.81;15.47;13.86
657;Union Planters;United States;Banking;2.4;0.5;31.91;5.67
662;First Tennessee Natl;United States;Banking;2.69;0.47;24.47;5.67
676;Synovus Finl;United States;Banking;2.41;0.39;21.02;7.55
702;Huntington Bancshs;United States;Banking;2.41;0.36;30.1;5.26
708;Guidant;United States;Health care equipment & services;3.7;0.33;4.64;19.51
721;Quest Diagnostics;United States;Health care equipment & services;4.74;0.44;4.3;8.51
732;New York Community;United States;Banking;0.91;0.32;23.44;8.35
748;China Merchants Bank;China;Banking;1.44;0.22;44.01;8.11
749;GreenPoint Financial;United States;Banking;1.74;0.47;22.99;6.24
754;Sumitomo Trust & Banking;Japan;Banking;4.16;-0.62;131.13;8.06
767;North Fork Bancorp;United States;Banking;1.27;0.4;20.96;6.67
769;El Paso;United States;Oil & gas operations;7.93;-3.22;42.68;5.14
775;Caremark Rx;United States;Health care equipment & services;9.07;0.29;2.47;8.06
776;Baker Hughes;United States;Oil & gas operations;5.29;0.13;6.3;12.12
783;Stryker;United States;Health care equipment & services;3.63;0.45;3.16;17.99
786;AdvancePCS;United States;Health care equipment & services;15.02;0.2;3.76;6.01
795;Zions Bancorp;United States;Banking;1.89;0.34;28.56;5.25
796;Tenet Healthcare;United States;Health care equipment & services;15.17;-0.4;13.48;5.68
802;Humana;United States;Health care equipment & services;12.1;0.23;5.29;3.51
806;Banknorth Group;United States;Banking;1.58;0.34;25.74;5.39
814;National Commerce Finl;United States;Banking;1.57;0.31;22.89;5.95
822;Murphy Oil;United States;Oil & gas operations;4.97;0.3;4.62;5.64
827;Compass Bancshares;United States;Banking;1.81;0.34;26.16;4.98
832;Express Scripts;United States;Health care equipment & services;12.92;0.24;3.29;5.54
838;Bank of Yokohama;Japan;Banking;2.32;0.14;89.11;4.91
875;Hudson City Bancorp;United States;Banking;0.81;0.21;17.03;7.43
887;Alliance UniChem;United Kingdom;Health care equipment & services;12.92;0.18;5.12;3.29
905;Olympus;Japan;Health care equipment & services;4.77;0.21;4.98;5.24
912;PacifiCare Health;United States;Health care equipment & services;10.44;0.24;4.62;2.98
941;Shanghai Pudong Dev Bk;China;Banking;1.14;0.15;33.64;5.46
955;Credit Foncier;France;Banking;2.79;0.14;46.07;2.93
965;Mitsui Trust;Japan;Banking;3.42;-0.82;102.63;4.05
976;Commerce Bancorp;United States;Banking;1.25;0.19;22.71;4.53
992;Shizuoka Bank;Japan;Banking;1.49;0.11;69.1;5.26
993;Oxford Health Plans;United States;Health care equipment & services;5.35;0.35;2.16;3.84
1005;Hibernia;United States;Banking;1.33;0.25;17.57;3.58
1015;Amersham;United Kingdom;Health care equipment & services;2.48;0.29;3.41;10.51
1032;Health Net;United States;Health care equipment & services;10.93;0.19;3.45;3.23
1035;Nippon Mining;Japan;Oil & gas operations;18.3;0.03;13.45;2.34
1038;Doral Financial;United States;Banking;0.86;0.32;10.39;3.69
1050;Astoria Financial;United States;Banking;1.18;0.2;22.46;3.3
1057;Zimmer Holdings;United States;Health care equipment & services;1.57;0.33;1.24;18.74
1064;Laboratory Corp Amer;United States;Health care equipment & services;2.94;0.32;3.41;5.58
1076;Associated Banc-Corp;United States;Banking;0.98;0.23;15.25;3.26
1080;St Jude Medical;United States;Health care equipment & services;1.93;0.34;2.56;12.77
1088;Ashland;United States;Oil & gas operations;7.52;0.09;6.78;3.2
1090;China Minsheng Banking;China;Banking;0.87;0.11;29.17;4.65
1098;Kerr-McGee;United States;Oil & gas operations;4.18;-0.14;9.92;5.07
1099;EOG Resources;United States;Oil & gas operations;1.82;0.44;4.75;5.07
1100;Coventry Health Care;United States;Health care equipment & services;4.54;0.25;1.98;3.79
1104;Commerce Bancshs;United States;Banking;0.92;0.21;14.29;3.37
1107;Mercantile Bkshs;United States;Banking;0.77;0.2;13.7;3.54
1108;TCF Financial;United States;Banking;1.06;0.22;11.32;3.67
1113;Suzuken;Japan;Health care equipment & services;8.97;0.14;5.27;2.42
1122;Health Management;United States;Health care equipment & services;2.71;0.3;3.34;5.48
1149;IMS Health;United States;Health care equipment & services;1.38;0.63;1.48;6.37
1158;Biomet;United States;Health care equipment & services;1.49;0.31;1.75;10.22
1162;Smith & Nephew;United Kingdom;Health care equipment & services;2.11;0.26;2.22;9.05
1166;Cosmo Oil;Japan;Oil & gas operations;16.1;0.03;10.52;1.36
1177;Omnicare;United States;Health care equipment & services;3.5;0.19;3.4;4.61
1191;WellChoice;United States;Health care equipment & services;5.38;0.2;3.04;3.04
1208;City National;United States;Banking;0.75;0.19;13.02;2.96
1235;BJ Services;United States;Oil & gas operations;2.27;0.22;2.84;6.79
1265;Chiba Bank;Japan;Banking;1.54;0.07;66.85;3.42
1272;Dynegy;United States;Oil & gas operations;5.81;-0.47;13.84;1.62
1277;Hua Xia Bank;China;Banking;0.76;0.1;21.02;3.46
1290;Pioneer Natural Res;United States;Oil & gas operations;1.3;0.4;3.95;3.68
1298;XTO Energy;United States;Oil & gas operations;1.19;0.29;3.61;5.22
1306;Essilor International;France;Health care equipment & services;2.25;0.19;2.27;6.17
1310;Smith International;United States;Oil & gas operations;3.59;0.12;3.1;5.05
1317;Universal Health;United States;Health care equipment & services;3.53;0.2;2.44;3.26
1328;Webster Financial;United States;Banking;0.89;0.16;14.57;2.38
1340;Sky Financial Group;United States;Banking;0.84;0.16;12.9;2.51
1345;Triad Hospitals;United States;Health care equipment & services;3.81;0.13;4.48;2.65
1346;Premcor;United States;Oil & gas operations;8.8;0.12;3.72;2.26
1356;Hillenbrand Inds;United States;Health care equipment & services;2.04;0.14;5.41;4.33
1359;Hachijuni Bank;Japan;Banking;1.36;0.08;48.17;2.92
1361;Flagstar Bancorp;United States;Banking;0.97;0.25;10.57;1.44
1368;BOK Financial;United States;Banking;0.87;0.16;13.58;2.33
1387;Joyo Bank;Japan;Banking;1.23;0.07;56.68;2.71
1388;Colonial BancGroup;United States;Banking;0.91;0.15;15.83;2.19
1394;Valley Natl Bancorp;United States;Banking;0.61;0.15;9.87;2.66
1396;Thermo Electron;United States;Health care equipment & services;2.1;0.2;3.39;4.63
1401;Hiroshima Bank;Japan;Banking;1.09;0.09;47.69;2.32
1403;Bank of Fukuoka;Japan;Banking;1.35;0.07;58.63;2.63
1404;Technip;France;Oil & gas operations;4.68;-0.03;5.44;3.07
1417;Kuraya Sanseido;Japan;Health care equipment & services;10.78;0.04;5.27;1.73
1457;IndyMac Bancorp;United States;Banking;0.96;0.16;12.07;1.89
1464;First BanCorp;United States;Banking;0.66;0.15;12.67;1.66
1470;Chesapeake Energy;United States;Oil & gas operations;1.61;0.27;4.26;2.79
1473;FirstMerit;United States;Banking;0.81;0.15;10.65;2.23
1475;Applera-Applied Biosys;United States;Health care equipment & services;1.67;0.2;2.06;4.82
1479;Westcorp;United States;Banking;1.36;0.12;14.62;2.16
1486;Bank of Hawaii;United States;Banking;0.64;0.14;9.46;2.47
1491;Fulton Financial;United States;Banking;0.57;0.14;9.77;2.36
1495;Beckman Coulter;United States;Health care equipment & services;2.19;0.21;2.56;3.35
1512;Gunma Bank;Japan;Banking;1.21;0.03;47.85;2.21
1514;Wilmington Trust;United States;Banking;0.63;0.13;8.82;2.45
1516;Henry Schein;United States;Health care equipment & services;3.15;0.13;1.7;3.11
1524;CR Bard;United States;Health care equipment & services;1.43;0.17;1.69;4.92
1531;Chugoku Bank;Japan;Banking;0.98;0.03;46.1;2.17
1539;Sapporo Hokuyo;Japan;Banking;1.37;0.02;55.89;1.8
1540;Waters;United States;Health care equipment & services;0.96;0.17;1.13;4.63
1543;Varian Medical Systems;United States;Health care equipment & services;1.1;0.14;1.08;5.65
1547;Independence Community;United States;Banking;0.55;0.14;9.55;2.19
1558;Hokugin Financial Group;Japan;Banking;1.03;0.02;46.65;1.28
1563;Bank;Japan;Banking;0.99;0.07;44.08;2.06
1564;Manor Care;United States;Health care equipment & services;3.03;0.12;2.4;3.22
1584;Iyo Bank;Japan;Banking;0.91;0.01;34.98;2.1
1585;W Holding;United States;Banking;0.47;0.11;11.52;2.16
1587;Bank of Kyoto;Japan;Banking;0.81;0.03;38.87;1.71
1590;BancorpSouth;United States;Banking;0.72;0.13;10.3;1.73
1591;Yamaguchi Bank;Japan;Banking;0.73;-0.22;37.31;1.84
1597;Provident Finl Group;United States;Banking;1.59;0.09;17.61;1.7
1599;Cullen/Frost Bankers;United States;Banking;0.58;0.13;9.65;2.12
1604;Nanto Bank;Japan;Banking;0.78;0.05;34.49;1.16
1608;Daishi Bank;Japan;Banking;0.69;0.02;34.29;1.34
1616;Pogo Producing;United States;Oil & gas operations;1.1;0.28;2.56;2.82
1617;Fremont General;United States;Banking;0.74;0.14;8.66;1.5
1618;Juroku Bank;Japan;Banking;0.89;-0.28;33.02;1.57
1619;Nishi-Nippon Bank;Japan;Banking;0.97;-0.06;32.93;0.91
1626;Shiga Bank;Japan;Banking;0.67;0.02;32.06;1.14
1627;Shenzhen Development Bk;China;Banking;0.73;0.05;19.86;2.41
1630;Lincare Holdings;United States;Health care equipment & services;1.15;0.23;1.43;3.07
1632;Terumo;Japan;Health care equipment & services;1.7;0.15;2.35;4.24
1633;Hyakugo Bank;Japan;Banking;0.7;0.02;30.99;1.32
1636;San-In Godo Bank;Japan;Banking;0.96;0.05;30.4;1.35
1640;Hyakujushi Bank;Japan;Banking;0.6;-0.25;28.87;2.08
1653;Hokkaido Bank;Japan;Banking;0.64;-0.47;28.65;0.4
1657;Higo Bank;Japan;Banking;0.58;0.03;28.13;1.65
1658;Ogaki Kyoritsu Bank;Japan;Banking;0.6;-0.14;27.96;1.78
1662;Tesoro Petroleum;United States;Oil & gas operations;8.73;0.06;3.68;1.04
1690;People`s Bank;United States;Banking;0.77;0.06;11.67;2.76
1694;Fisher Scientific;United States;Health care equipment & services;3.56;0.08;2.86;3.5
1695;Kagoshima Bank;Japan;Banking;0.65;0.04;25.42;1.17
1699;Washington Federal;United States;Banking;0.45;0.14;7.54;2.06
1703;Dentsply Intl;United States;Health care equipment & services;1.57;0.17;2.45;3.45
1707;Patterson Dental;United States;Health care equipment & services;1.78;0.13;1.42;4.57
1708;Fukuoka City Bank;Japan;Banking;0.79;-0.43;24.63;0.4
1710;Downey Financial;United States;Banking;0.61;0.1;11.65;1.51
1711;Hokkoku Bank;Japan;Banking;0.61;0.01;24.42;1.77
1721;Suruga Bank;Japan;Banking;0.7;0.07;23.49;1.65
1723;Musashino Bank;Japan;Banking;0.49;0.04;23.43;1.02
1726;Kiyo Bank;Japan;Banking;0.52;-0.05;23.34;0.69
1729;Toho Bank;Japan;Banking;0.57;0.03;23.25;0.84
1733;Momiji Holdings;Japan;Banking;0.59;-0.43;22.83;0.38
1736;Bank of Nagoya;Japan;Banking;0.63;0.02;22.51;1.03
1742;Kyushu-Shinwa Holdings;Japan;Banking;0.56;0.01;22.4;0.6
1746;Keiyo Bank;Japan;Banking;0.54;0.02;22.22;0.76
1759;Transmontaigne;United States;Oil & gas operations;9.13;0.02;0.99;0.27
1764;Oita Bank;Japan;Banking;0.53;-0.09;20.96;0.68
1768;Shikoku Bank;Japan;Banking;0.46;-0.26;20.84;1.34
1769;Community Health Sys;United States;Health care equipment & services;2.62;0.12;3.19;2.74
1770;Awa Bank;Japan;Banking;0.62;-0.08;20.75;1.43
1775;Yamanashi Chou Bank;Japan;Banking;0.42;-0.07;20.35;0.79
1779;R&G Financial;United States;Banking;0.58;0.12;7.84;1.55
1784;Tokyo Tomin Bank;Japan;Banking;0.5;0.01;19.26;0.6
1787;Bank of Iwate;Japan;Banking;0.39;0.03;19.09;0.79
1788;Hudson United Bancorp;United States;Banking;0.53;0.12;8.1;1.7
1790;Aichi Bank;Japan;Banking;0.45;0.02;19.07;0.66
1796;Commercial Federal;United States;Banking;0.8;0.09;12.19;1.14
1797;Intl Bancshares;United States;Banking;0.45;0.12;7.51;2.1
1799;Akita Bank;Japan;Banking;0.44;0.03;18.77;0.79
1802;South Financial Group;United States;Banking;0.51;0.1;10.72;1.77
1808;Eighteenth Bank;Japan;Banking;0.5;0.01;18.3;0.73
1809;DaVita;United States;Health care equipment & services;1.97;0.17;2.04;2.86
1811;Aomori Bank;Japan;Banking;0.38;-0.12;17.8;0.71
1817;Pall;United States;Health care equipment & services;1.66;0.15;2.02;3.29
1824;Trustmark;United States;Banking;0.53;0.12;7.63;1.75
1825;Fukui Bank;Japan;Banking;0.45;0.02;17.34;1.07
1835;Tochigi Bank;Japan;Banking;0.4;0.01;16.78;0.61
1841;Chiba Kogyo Bank;Japan;Banking;0.38;0.02;16.65;0.26
1843;Michinoku Bank;Japan;Banking;0.42;0.02;16.6;0.88
1853;Ensco International;United States;Oil & gas operations;0.79;0.11;3.18;4.42
1855;Bank of Ikeda;Japan;Banking;0.42;0.02;16.04;0.97
1858;Bank of Saga;Japan;Banking;0.38;0.01;16;0.63
1860;Hokuetsu Bank;Japan;Banking;0.41;0;15.81;0.44
1888;Newfield Exploration;United States;Oil & gas operations;1.02;0.19;2.73;2.59
1889;Yamagata Bank;Japan;Banking;0.37;0.01;15.06;0.77
1897;Towa Bank;Japan;Banking;0.3;-0.11;14.7;0.42
1901;Old National Bncp;United States;Banking;0.68;0.09;9.52;1.44
1908;Capitol Federal Finl;United States;Banking;0.43;0.03;8.38;2.67
1910;Higashi-Nippon Bank;Japan;Banking;0.36;-0.06;14.24;0.41
1918;Miyazaki Bank;Japan;Banking;0.37;0.01;13.97;0.56
1923;Greater Bay Bancorp;United States;Banking;0.6;0.1;7.79;1.47
1936;Daisan Bank;Japan;Banking;0.35;0.01;13.39;0.72
1938;First Citizens Bcshs;United States;Banking;0.76;0.08;12.56;1.26
1939;Bausch & Lomb;United States;Health care equipment & services;2.02;0.13;3.01;3
1945;Whitney Holding;United States;Banking;0.43;0.1;7.75;1.67
1946;Chukyo Bank;Japan;Banking;0.32;0.01;13.17;0.76
1950;Ehime Bank;Japan;Banking;0.35;-0.16;13.1;0.49
1986;Bank of Ryukyus;Japan;Banking;0.34;0.04;11.79;0.38
